Higashi-Kanagawa,"35.47706,139.6324"
Kikuna,"35.50968,139.6289"
Shin-Yokohama,"35.50687,139.6185"
Kamoi,"35.51099,139.5678"
Nakayama,"35.51435,139.5400"
Nagatsuta,"35.53159,139.4943"
Machida,"35.54471,139.4458"
Sagamihara,"35.58097,139.3716"
Hashimoto,"35.59532,139.3442"
Aihara,"35.60751,139.3316"
Hachiōji-Minamino,"35.63201,139.3313"
Katakura,"35.64007,139.3419"
Hachiōji,"35.65519,139.3394"